{"data":{"add":{"dep":{"1":2.1066666666666665,"2":2.12,"3":2.3466666666666667,"4":2.56,"5":2.84,"6":3.08,"7":3.3733333333333335,"8":3.6533333333333333},"ind":{"1":2.1133333333333333,"2":2.0933333333333333,"3":2.36,"4":2.5933333333333333,"5":2.8666666666666667,"6":3.12,"7":3.38,"8":3.6533333333333333}},"div":{"dep":{"1":19.773333333333333,"2":39.18,"3":58.60666666666667,"4":78.05333333333333,"5":97.48666666666666,"6":116.92666666666666,"7":136.37333333333333,"8":133.49333333333334},"ind":{"1":20.85333333333333,"2":20.866666666666667,"3":20.893333333333334,"4":25.64,"5":31.96,"6":38.28666666666667,"7":44.61333333333334,"8":50.94}},"fma":{"dep":{"1":6.626666666666667,"2":12.946666666666667,"3":19.266666666666666,"4":25.586666666666666,"5":31.92,"6":38.24666666666667,"7":44.58,"8":50.9},"ind":{"1":6.626666666666667,"2":6.633333333333334,"3":6.6466666666666665,"4":6.6466666666666665,"5":6.8533333333333335,"6":7.166666666666667}},"load":{"dep":{"1":2.62,"2":3.1,"3":3.7266666666666666,"4":4.1866666666666665,"5":5.14,"6":6.673333333333333,"7":6.96,"8":8.22},"ind":{"1":2.566666666666667,"2":3.0866666666666664,"3":3.64,"4":4.14,"5":4.68,"6":5.22,"7":5.6866666666666665,"8":6.22}},"mul":{"dep":{"1":2.1066666666666665,"2":3.486666666666667,"3":4.966666666666667,"4":6.486666666666666,"5":8.246666666666666,"6":7.993333333333333,"7":9.793333333333333,"8":12.986666666666666},"ind":{"1":2.0866666666666664,"2":5.073333333333333,"3":5.086666666666667,"4":6.6466666666666665,"5":8.226666666666667,"6":9.813333333333333,"7":8.8,"8":9.133333333333333}},"sqrt":{"dep":{"1":19.266666666666666,"2":33.20666666666666,"3":49.64,"4":66.07333333333334,"5":82.52,"6":98.97333333333333,"7":115.44,"8":131.88},"ind":{"1":16.786666666666665,"2":19.286666666666665,"3":19.30666666666667,"4":19.32,"5":24.053333333333335,"6":28.8,"7":33.54,"8":38.3}}},"meta":{"loop_in":300,"loop_out":100000,"unixTime":1777015995}}